id,title,cate,date
594456399,这场最惨烈的战斗无人知晓 最后仅剩27人幸存,历史,2017/03/22 12:36:32
-2099908403,中国常规导弹第一旅营区高悬一条幅 上书七字,军事,2017/03/14 06:20:20
588441099,印媒称中印核潜艇都噪音大易发现 被指井底之蛙,军事,2017/03/13 07:20:59
-623676469,长征七号火箭发射场夜景曝光 别有一番美感,军事,2017/03/13 07:19:47
1620626572,美媒猜歼20战T50或落入下风 脱离现实一厢情愿,军事,2017/03/13 07:19:44
-1543810065,解放军国际赛居榜眼 部分项或在华办,军事,2017/03/13 07:19:41
1654118277,"""神十""6至8月择机发射 将首次进行绕飞对接",军事,2017/03/13 07:19:38
-751092694,中国展示量子模拟中非局域性作用 为世界首次,军事,2017/03/13 07:19:36
1646206229,"空军回应""频繁实战训练应对萨德"":仅为提高自身",军事,2017/03/13 07:19:33
242010178,王宝强离婚风波后再发文：认真工作 从头再来,娱乐,2017/03/13 07:04:51
-353552698,美71岁名媛出书爆料与好莱坞名人性爱情史,娱乐,2017/03/13 07:03:32
911435386,网友晒《流星花园》剧照 调侃大S似村书记千金,娱乐,2017/03/13 07:03:29
-1462660873,<传承者>范明美声PK戴玉强 陈道明寄语杂技演员,娱乐,2017/03/13 07:03:27
239065631,水果姐将献唱“超级碗”  欲邀摇滚巨星同台,娱乐,2017/03/13 07:03:24
-1437776805,《爵迹》极限挑战视频 真人CG力求呈现最优动画,娱乐,2017/03/13 07:03:21
36220985,披头士乐队征服美国50年：因创作单纯而感人,娱乐,2017/03/13 07:03:18
1122325203,[揭秘]女生干过的事男生勿看,财经,2017/03/13 06:54:39
-1339422440,金价逼近5年最低 珠宝商:年底难熬,财经,2017/03/13 06:54:37
-918664440,三大股指全线收涨逾1% 两市赚钱效应近九成,财经,2017/03/13 06:54:33
-27273359,评论：养老金投资需平衡风控与收益,财经,2017/03/13 06:54:24
-493980517,《乐高大电影：蝙蝠侠》首发预告 英雄不走暗黑路,娱乐,2017/03/13 06:54:13
342619203,眉毛低克父母!眉毛预测运势,星座,2017/03/13 06:54:03
-114867963,面相解析小眼睛男女生透露的爱情观,星座,2017/03/13 06:53:27
15511246,"面相学堂:眉毛""上缺伤情 下缺伤财""",星座,2017/03/13 06:50:38
-1621925251,日网友讽孙杨事件折射中国体育病态：金牌至上,体育,2017/03/13 06:49:04
1054924527,宋佳《师父》再封后 华鼎奖获演技人气双认可,娱乐,2017/03/13 06:47:00
1884867193,大破解:女人面相中隐藏的,星座,2017/03/13 06:46:50
1262700899,"命理解读:哪""六大手相""最不缺钱花",星座,2017/03/13 06:36:24
-1756209332,占卜:警惕!下周你必须提防的套路!,星座,2017/03/13 05:48:22
1790379177,"从""面相""特征看你究竟会被""谁""打动",星座,2017/03/13 05:44:49
197014958,水木年华卢庚戌涉猎多项投资 曾想成音乐界李宁,娱乐,2017/03/13 05:08:09
-585397484,“帅”木村PK“贱”雅人：谁是下一个日剧之王,娱乐,2017/03/13 05:06:40
594959226,大张伟新歌20首串烧 回呛王思聪：求撕下这曲呗,娱乐,2017/03/13 05:06:38
-1290408164,吴莫愁暂无开演唱会计划：我的歌还未耳熟能详,娱乐,2017/03/13 05:06:36
917808307,三台山庆园 董文华、刘冲、于文华、刘和刚等献唱,娱乐,2017/03/13 05:06:35
176947849,托付时刻闪耀中网 歌手黄绮珊与汪峰学员献唱,娱乐,2017/03/13 05:06:33
698190720,印堂发黑?什么预示你会有血光之灾,星座,2017/03/13 05:06:23
1842922944,啥面相的人见利忘义卖友求荣,星座,2017/03/13 05:06:21
-217171689,医生疑周恩来得癌症 总理笑说九个字,历史,2017/03/13 05:06:16
-67449353,哪种脸“吉人自有天相”,星座,2017/03/13 05:04:13
1607682552,曼联决意压哨清洗达米安 都灵那不勒斯罗马3选1,体育,2017/03/13 05:02:31
-727558473,"相学揭秘:你掌心的""痣""都代表什么",星座,2017/03/13 03:30:13
2045653500,6.12开运宜忌:忌自吹自擂高调行事,星座,2017/03/13 03:30:03
1798102320,找个富贵无边的面相男嫁了,星座,2017/03/13 03:28:39
665747382,周恩来一生最后一次和叶剑英谈话嘱托了什么,历史,2017/03/13 03:26:52
-465331118,非常说日:7.8开运宜忌,星座,2017/03/13 03:26:45
-1236397501,相术:旺桃花面相的四大特点 你有吗,星座,2017/03/13 03:26:33
-1029283158,非常说日: 2016年4月18日开运宜忌,星座,2017/03/13 03:26:26
2020905585,从牙齿看你性格命运,星座,2017/03/13 03:21:50
1137941442,雷人招聘 应聘者胸围需达85cm,历史,2017/03/13 03:21:21
-354530093,周恩来外交风范：与人打交道非常注意细节(图),历史,2017/03/13 03:18:57
1598086987,四川盗墓贼偷潜汉墓连拿带毁 部分文物无法修复,历史,2017/03/13 03:18:55
2164267,阎维文褚海辰唱《中华儿女》 向抗洪勇士致敬,历史,2017/03/13 03:18:54
1470191529,"史上最""奔放""太后:使者面前谈性爱",历史,2017/03/13 03:18:53
170744366,清朝皇帝临幸妃子过程复杂 不堪入目,历史,2017/03/13 03:18:51
-1472971210,揭秘：林彪与毛泽东延安纷争的复杂内幕,历史,2017/03/13 03:18:50
2050740279,一周运势:允许有段艰难孤独的旅途,星座,2017/03/13 03:18:21
-208405608,相学自查:越老越有福气的面相分析,星座,2017/03/13 03:18:19
-248432846,星座决定男人的出轨动机,星座,2017/03/13 03:18:17
-1161101623,如何从坐相看透一个人,星座,2017/03/13 03:18:15
-766978486,"揭露!什么面相的男人最""薄情寡义""",星座,2017/03/13 03:18:14
2125208454,卢称新季减少三巨头出场时间 詹皇：健康最重要,体育,2017/03/13 03:17:55
-67212572,英国推出性爱彩票 中奖者可与异性在酒店交欢,彩票,2017/03/13 03:17:07
557378341,农村彩站出500万大奖 站主千元以上奖都贴喜报,彩票,2017/03/13 03:17:02
1116153488,彩票大奖得主家破人亡12年花光2700万美元(图),彩票,2017/03/13 03:09:43
-1938810268,丈夫就怕老婆出门逛街买衣服,彩票,2017/03/13 03:09:33
2113095927,“呆萌”美猴王大闹城市多年 爱摸姑娘大腿(图),科技,2017/03/13 03:02:08
-84000771,科学家发现最古老遥远星系 距地132亿光年,科技,2017/03/13 03:02:05
-1963517195,美国现18世纪沉没商船：长约16米 保存良好,科技,2017/03/13 03:02:03
-1963517195,美国现18世纪沉没商船：长约16米 保存良好,科技,2017/03/13 03:02:02
-690686508,日本福岛蝴蝶发生基因突变成畸形 应为辐射所致,科技,2017/03/13 03:02:00
1925236416,小狗追自己尾巴打转行为也是一种强迫症,科技,2017/03/13 03:01:58
-784939210,载人潜水器“蛟龙号”印度洋下潜 取回观测仪,科技,2017/03/13 03:01:57
1090075119,彩民平时研究走势不中奖 匆忙随意机选喜中10万,彩票,2017/03/13 02:57:29
-1298800768,2013大奖趣闻:2亿得主反复爬楼 梦号码醒来中奖,彩票,2017/03/13 02:57:28
1471963567,大乐透再爆2注1000万元头奖 奖池7.5亿再创新高,彩票,2017/03/13 02:57:26
198309342,打工仔中850万浑然不知 半月后领奖欲照常工作,彩票,2017/03/13 02:57:25
29061546,69岁男子中800万前妻欲平分 中大奖时已分居3年,彩票,2017/03/13 02:57:21
-1218231447,男子预防痴呆中589万 携妻领奖曝中奖秘笈(图),彩票,2017/03/13 02:57:19
-1307269603,诚信站主垫付千元代购彩票 中50万大奖归还彩民,彩票,2017/03/13 02:57:17
983626662,散步时随机买彩票中1000万 出差回来才想起兑奖,彩票,2017/03/13 02:57:16
823949076,哥哥中奖给弟弟还债 3年后弟弟中716万给哥买房,彩票,2017/03/13 02:57:13
1930981648,男子戴头盔穿雨衣兑878万 称造型老婆设计(图),彩票,2017/03/13 02:57:11
-1141267459,80后白领喜中533万 笑称或是百万弃奖得主(图),彩票,2017/03/13 02:57:10
-285380865,彩市机遇与挑战并存：销量增幅大 即开彩票火爆,彩票,2017/03/13 02:57:08
-1882858516,朴泰桓承认被日本大学拒绝合训 在大阪备战奥运,体育,2017/03/13 02:53:50
349875442,魔兽写公开信感谢火箭:很荣幸能为休斯顿打球！,体育,2017/03/13 02:53:46
-1727308503,快讯：匹凸匹终止非公开发行股票 复牌后连续两天跌停,财经,2017/03/13 02:53:42
1271699392,赛羚飞行汽车很安全 已有车企洽谈合作,军事,2017/03/13 02:53:37
1496944657,博尔特赛季首秀拉伤接受治疗 不影响下一站赛事,体育,2017/03/13 02:53:30
1764936725,奥运魔咒或困扰国乒 赛前频输球张继科还行吗？,体育,2017/03/13 02:53:22
1072133312,足总杯抽签：枪手曼联蓝军好签 利物浦迎复仇战,体育,2017/03/13 02:46:27
-1403297410,苏炳添坦言翔哥给了我动力 刘翔:荣幸见证佳绩,体育,2017/03/13 02:46:26
1968790909,曝英超悍将被拘捕 185万豪宅中性侵未成年女性,体育,2017/03/13 02:46:25
2027652039,体操亚锦赛新生代选手亮相 中国女队表现很出色,体育,2017/03/13 02:46:22
404795393,媒体聚焦：切尔西一无是处 世上只有一个法尔考,体育,2017/03/13 02:46:21
910858089,莫拉蒂：选贝尼特斯是个错 曼奇尼能率队进前三,体育,2017/03/13 02:46:20
-1133021613,切尔西冬窗1亿抛售阿扎尔 希丁克揽法国两巨星,体育,2017/03/13 02:46:17
-602777289,浙江体院正式解除停训令 孙杨有望5月复出比赛,体育,2017/03/13 02:46:14
1444202549,泰国球星加盟西甲弱旅 曾效力曼城马竞对阵恒大,体育,2017/03/13 02:46:11
1796029699,比克斯塔夫摔门炮轰裁判 霍华德：对手动作肮脏,体育,2017/03/13 02:46:09
-904563967,迨逡徽屑せ3000万先生 独造3球！尤文获新核,体育,2017/03/13 02:46:08
446535045,11月30日竞彩足球投注分析推荐 助您轻松赢取大奖,体育,2017/03/13 02:46:05
755562756,力克日本曾春蕾光荣绽放 惠若琪因腿伤挂免战牌,体育,2017/03/13 02:46:03
614744499,克罗地亚连遭伤病打击 魔笛曼朱或无缘战西班牙,体育,2017/03/13 02:46:01
2121206905,传火箭与湖人小牛争白边 热火大闸或取代霍华德,体育,2017/03/13 02:45:59
738255634,科比转型小前手感迷失 命中数超奥胖却遭里程悲,体育,2017/03/13 02:45:56
-1014489460,拍美航母中国卫星身份曝光 曾拍鸟巢,军事,2017/03/13 02:45:18
-152306201,刘晓宇：对马布里的限制不够 最后阶段体能下降,体育,2017/03/13 02:45:15
-1229591367,卡特：奥运会必看乒乓球 2000年看国乒未买到票,体育,2017/03/13 02:43:49
-77591191,女篮亚洲霸主韩国当之无愧 48年从未掉下领奖台,体育,2017/03/13 02:43:10
-71808581,室内世锦赛男子60米栏 谢文骏7秒74晋级半决赛,体育,2017/03/13 02:43:08
-1223397614,外媒反问美南海巡航:若华进美后院呢,军事,2017/03/13 02:42:36
-793545551,强奸犯中千万大奖引众女求爱 家门口遭死亡威胁,历史,2017/03/13 02:40:23
-1399955549,兰石重装今日复牌迎第24个涨停 振幅近20%,财经,2017/03/13 02:40:19
499665870,欧冠1/8决赛抽签：巴萨再遇曼城 皇马拜仁上签,体育,2017/03/13 02:40:15
-1655092389,【车展实拍】合资小车 轮胎性能参数解析,汽车,2017/03/13 02:32:23
650372550,中国体操队备战里约 阵容名气不大不过实力不俗,体育,2017/03/13 02:31:51
-695213684,中美网络战握手言和 中方攻击减少,军事,2017/03/12 09:47:24
-774579208,四公司并购重组上会获通过 两家公司遭否,财经,2017/03/12 09:47:14
-819396093,中小板800家公司预告三季报业绩 超七成公司预喜,财经,2017/03/12 09:47:13
-1821259696,机构两天买入申万宏源逾4亿,财经,2017/03/12 09:47:11
-1821259696,机构两天买入申万宏源逾4亿,财经,2017/03/12 09:47:09
-1263278675,周二机构强推买入 6股竟被极度低估,财经,2017/03/12 09:47:08
1405953755,中国每周诞生1名亿万富豪 千万富豪规模超百万,财经,2017/03/12 09:47:07
-2027318478,郑州银行不良率飙升 曾曝暗箱操作团购违法建筑,财经,2017/03/12 09:47:04
1341761507,澳门博彩第一季度打破历史纪录 概念股屡创新高,财经,2017/03/12 09:47:02
1275395356,武昌鱼获宜昌长金举牌 重组预期再度升温,财经,2017/03/12 09:47:00
-866039945,养孩成本TOP10城市曝光 养一个孩子需要70万,财经,2017/03/12 09:46:58
-866039945,养孩成本TOP10城市曝光 养一个孩子需要70万,财经,2017/03/12 09:46:55
-1965872703,聂日明：国企改革方案离淡马锡有多远？,财经,2017/03/12 09:46:54
-1440948213,李生：黄金破位三角下跌，首见1330料将反弹!,财经,2017/03/12 09:46:51
396595382,支付宝:上海发红包个数最多 天秤座最爱发红包,财经,2017/03/12 09:46:48
-48924665,租房提公积金无需合同发票 按市场租金确定提取额度,财经,2017/03/12 09:46:47
-1491951329,北京招安打车软件 费用如何分配尚不明确,财经,2017/03/12 09:27:51
206516295,10公司IPO获放行 打新盛宴又开席,财经,2017/03/12 09:27:49
647774096,A股艰难上涨 机构抄底这些股,财经,2017/03/12 09:27:47
139662422,金价低迷被“延迟”而非避免 升息预期仍打压,财经,2017/03/12 09:27:46
-357817952,华润宝能撇清“一致” 万科管理层或部分留任,财经,2017/03/12 09:27:44
-784717258,政府要出大招救市 首套房公积金贷首付降至两成,财经,2017/03/12 09:27:43
-1578315029,年内最成功对冲基金经理：美联储恐被迫再次QE,财经,2017/03/12 09:27:41
777070166,儿媳为争夺未来皇后之位 竞相与父皇朱温通奸,历史,2017/03/12 09:27:39
1623480006,上海迪士尼旁边古镇将“重生” 曾被遗忘废弃,历史,2017/03/12 09:27:35
-1931073819,“迳夫”透露《睡魔》未搁浅  只是进展缓慢,娱乐,2017/03/12 09:27:29
1296948047,历史上的今天:瓦良格号航母首试航,军事,2017/03/12 09:27:24
594220655,莫雷：不急于开始选帅 新主帅首要风格提升防守,体育,2017/03/12 09:27:22
-193452933,泰勒斯威夫特创格莱美纪录 致辞反击坎耶韦斯特,娱乐,2017/03/12 09:27:14
703122156,世乒赛国乒女队裙装亮相 球队欲变革网友不买账,体育,2017/03/12 09:27:10
